"landgrabbed","landgrabber","base","sector","hectares","production","year","status"
"Argentina","Adecoagro","US","Agribusiness",242000,"Cattle, dairy, grains, soybeans","0","Done"
"Uruguay","Adecoagro","US","Agribusiness",8600,"Cattle, grains, soybeans","0","Done"
"Algeria","Al Qudra","UAE","real estate, Finance",31000,"Milk, olive oil, potatoes","17","Done"
"New Zealand","Ingleby Company","Denmark","Finance",14461,"Cattle, sheep","1901","Done"
"Australia","Ho Myoung Farm","South Korea","Industrial",216000,"Cattle, goats, sheep","1999","Done"
"Australia","JBS","Brazil","AB",1876,"Livestock","1999","Done"
"Australia","Terra Firma Capital","UK","Finance",3200000,"Livestock","1999","Done"
"Australia","Hassad Food","Qatar","Agribusiness",750000,"Sheep, wheat","1999","Done"
"Australia","Wilmar International","Singapore","AB",2500,"Sugar cane","1999","Done"
"Brazil","Aquila","Germany","Finance",250000,"Cattle, sugar cane","2000","In Process"
"Colombia","China","China","Government",4e+05,"Cereals","2000","Proposed"
"Ethiopia","BHO Agro","India","Agribusiness",27000,"Cereal, oilseeds, pulses","2000","Done"
"Russia","EkoSem-Agrar","Gemany","Agribusiness",170000,"Cereal crops, fodder, potatoes, rape; other crops","2000","Done"
"Angola","AfriAgro","Portugal","Finance, real estate",5000,"Oil palm","2012","Done"
"Australia","Chinese interests","China",NA,2800,"Cattle","2012","Done"
"Australia","Shaanxi Kingbull Livestock Co","China","Agribusiness",5000,"Cattle","2012","In Process"
"Australia","Ingleby Company","Denmark","Finance",18170,"Cattle, crops, sheep","2012","Done"
"Australia","Southern Agricultural Resources","UK","Finance",1e+05,"Cotton, wheat","2012","In Process"
"Aus","Teachers Insurance and Annuity Association - College Retirement Equities Fund (TIAA-CREF)","US","Fin",73000,NA,"2012","Done"
"Brazil","Adecoagro","US","Agribusiness",165000,"Cattle, cofee, grains, soybeans, sugar cane","2012","Done"
"Brazil","Pengxin Group","China","Real estate",2e+05,"Cotton, soybean","2012","In Process"
"Brazil","Galtere","US","Finance",25000,"Rice, soybeans","2012","Done"
"Cambodia","KomerCN","South Korea","Agribusiness",13000,"Maize","2012","In Process"
"China","Temasek","Singapore","Finance",145000,"Barley, flowers, fruits, ginseng, maize, oats, pork, rice, rye, soybeans, vegetables, wheat","2012","Done"
"Colombia","Grupo Poligrow","Spain","Finance",60000,"Oil palm","2012","Done"
"Colombia","Merhav Group","Israel","Construction, finance",10000,"Sugar cane","2012","Done"
"Congo-Brazzaville","Atama Plantation","Malaysia","Agribusiness",470000,"Oil palm","2012","Done"
"Congo-Brazzaville","ENI","Italy","Energy",70000,"Oil palm","2012","MoU Signed"
"Ethiopia","Acazis AG","Germany","Agribusiness",56000,"Castor crop, peanuts, vegetable oil","2012","Done"
"Ethiopia","Confederation of Potato Seed Farmers","India","Agribusiness",50000,"Maize, oilseeds, pulses, sugar cane","2012","In Process"
"Ethiopia","FRI-EL Green","Italy","Energy",30000,"Oil palm","2012","Done"
"Ghana","Africa Atlantic Holdings","UAE","Agribusiness",10000,"Maize","2012","Done"
"Indonesia","Agro Enerpia Indonesia","South Korea","Agribusiness",10000,"Maize","2012","In Process"
"Indonesia","Daewoo Logistic Indonesia / Cheil Jedang Samsung","South Korea","Industrial",24000,"Maize","2012","In Process"
"Indonesia","Chinese investors","China",NA,1000,"Rice","2012","In Process"
"Indonesia","Wilmar International","Singapore","Agribusiness",2e+05,"Sugar cane","2012","Done"
"Jamaica","COMPLANT","China","Agribusiness, construction
",18000,"Sugar cane","2012","Done"
"Laos","Kuwait","Kuwait","Government",2e+05,"Rice","2012","In Process"
"Laos","Mongolia","Mongolia","Government",10000,"Rice and other crops","2012","In Process"
"Liberia","Sime Darby","Malaysia","Agribusiness",220000,"Oil palm","2012","Done"
"Liberia","SIFCA","Côte d'Ivoire","Agribusiness",8800,"Oil palm","2012","Done"
"Liberia","Dominion Farms","US","Agribusiness",17000,"Rice and other crops","2012","Done"
"Lithuania","Germanagrar","Germany","Real estate",1100,"Cattle and crops
Speculation","2012","Done"
"Madagascar","Landmark","India","Agribusiness",150000,"Maize","2012","Done"
"Mozambique","Agriterra","UK","Agribusiness",16700,"Cattle","2012","Done"
"Mozambique","Mauritius","Mauritius","Government",23500,"Rice, crops","2012","Done"
"Mozambique","Quifel Natural Resources","Portugal","Agribusiness, energy",10000,"Sesame, soybeans, sunflower seed","2012","Done"
"Mozambique","Companhia do Búzi","Portugal","Agribusiness",6214,"Sugar cane","2012","In Process"
"Mozambique","Tata Chemicals","India","Industrial",24000,"Sugar cane","2012","Done"
"New Zealand","Reda Holding","Italy","Industrial",16666,"Sheep","2012","Done"
"New Zealand","Soho Property Limited","UK","Real estate",22000,"Sheep","2012","Done"
"New Zealand","Middle Mount Forest","Switzerland","Finance",3200,"Sheep, cattle","2012","Done"
"New Zealand","Christian Welte","Switzerland","Finance",8481,"Sheep, cattle, forest","2012","Done"
"Nigeria","Vietnamese investors","Vietnam",NA,4000,"Rice","2012","Done"
"Pakistan","Al Dahra","UAE","Agribusiness",10100,"Rice","2012","Done"
"Peru","Maple Energy","US","Energy",13500,"Sugar cane","2012","Done"
"Philippines","Zuellig Group","Malaysia","Agribusiness, health care",30000,"Maize","2012","In Process"
"Philippines","Jeonnam Feedstock","South Korea","Government",94000,"Maize","2012","Done"
"Philippines","Brunei Investment Authority","Brunei","Government",10000,"Rice","2012","Proposed"
"Philippines","Oman","Oman","Government",10000,"Rice","2012","In Process"
"Philippines","Qatar","Qatar","Government",1e+05,"Rice","2012","In Process"
"Romania","Germanagrar","Germany","Real estate",8000,"Cattle, crops","2012","Done"
"Senegal","Foras International Investment Co","Saudi Arabia","Finance",5000,"Rice, poultry","2012","In Process"
"Senegal","Datong Trading Enterprise","China","Agribusiness",60000,"Sesame","2012","Done"
"Sierra Leone","COMPLANT","China","Agribusiness, construction
",8100,"Cassava, sugar cane","2012","Done"
"Sierra Leone","Goldtree Holdings","Mauritius","Agribusiness",5200,"Oil palm","2012","Done"
"Sierra Leone","FELDA","Malaysia","Government",2500,"Palm oil","2012","Done"
"Sierra Leone","GreenWorld BVI","UK","Finance",1250,"Rice","2012","Done"
"South Sudan","Egypt","Egypt","Government",16800,"Rice","2012","In Process"
"Sudan","Pinosso Group","Brazil","Agribusiness",1e+05,"Cotton, soybeans","2012","Done"
"Sudan","UAE investor","UAE",NA,38400,NA,"2012","Done"
"Sudan","Hassad Food","Qatar","Agribusiness",1e+05,NA,"2012","Done"
"Tanzania","Pharos Financial Group","UAE","Finance",50000,"Rice","2012","In Process"
"Tanzania","Agrica","UK","Finance",5818,"Rice","2012","Done"
"Tanzania","Chongqing Seed Corp","China","Agribusiness",300,"Rice seeds","2012","Done"
"Tanzania","Yes Bank","India","Finance",50000,"Rice, wheat","2012","In Process"
"Tanzania","Nirmal Seeds","India","Agribusiness",30000,"Seeds","2012","In Process"
"United States","Ingleby Company","Denmark","Finance",20110,"Barley, cattle, maize, soybeans, wheat","2012","Done"
"Zambia","AG-ZAM","South Africa","Agribusiness",15000,"Sugar cane","2012","Done"
"Argentina","Ingleby Company","Denmark","Finance",12433,"Barley, maize, soybeans, sunflower, wheat","2013","Done"
"Argentina","Korean Overseas Development Corporation","South Korea","Government",20894,"Forest and pasture","2013","Done"
"Brazil","Fonterra","New Zealand","Agribusiness",850,"Dairy farm","2013","Done"
"Bulgaria","Winslow Group JSC","UK","Agribusiness",3500,"Barley, maize, rape, sunflower, wheat","2013","Done"
"Egypt","Jenaan","UAE","Agribusiness",20000,"Dill, maize, potatoes, wheat","2013","Done"
"Egypt","Jenat","Saudi Arabia","Agribusiness",10000,"Feed, wheat","2013","Done"
"Egypt","Al Rajhi International Investment Company","Saudi Arabia","Agribusiness, finance",52500,"Feed, wheat","2013","Done"
"Egypt","Al Dahra","UAE","Agribusiness",48500,"Fodder","2013","Done"
"Ethiopia","Shapoorji Pallonji and Co. (S & P Co.)","India","Construction",50000,"Food crops, pongamia pinnata
","2013","Done"
"Ethiopia","AfricaJUICE","Dutch","Agribusiness",1200,"Fruit","2013","Done"
"Gambia, The","Mercatalonia","Spain","Agribusiness",2e+05,"Fodder, maize, palm oil, rice, soybeans, sugar cane","2013","Done"
"Ghana","Bionic Palm Limited","Germany","Energy",3940,"Biofuel and food crops","2013","Done"
"Ghana","Qatar","Qatar","Government",50000,"Food crops","2013","In Process"
"Ghana","Jose García-Carrion","Spain","Agribusiness",10000,"Fruit","2013","Done"
"Indonesia","Minerals Energy Commodities Holding","UAE","Mining",1e+05,"Fruit, palm oil, rice, sugar cane","2013","In Process"
"Madagascar","Madabeef","UK","Agribusiness",2e+05,"Beef cattle","2013","Done"
"Malawi","Djibouti","Djibouti","Government",55000,"Food crops","2013","In Process"
"Namibia","Al Dahra","UAE","Agribusiness",200,"Date palm","2013","Done"
"Namibia","Caparo group","UK","Industrial",30000,"Fruit, grains, herbs, nuts, pasture, vegetables","2013","Done"
"New Zealand","Pengxin Group","China","Real estate",8615,"Dairy farms","2013","Done"
"Niger","Bin Taleb Group/Al Tamini Khaled Alhil","Saudi Arabia","Agribusiness, industrial",15922,"Ecotourism, irrigate crops
","2013","Suspended"
"Romania","Prio Foods","Portugal","Agribusiness",25244,"Barley, maize, sunflower, wheat","2013","Done"
"Russia","RAV Agro-Pro","Czech Republic","Finance",164000,"Barley, potatoes, sugar beet, sunflowers, wheat","2013","Done"
"Russia","Sucres & Denrée","France","Agribusiness",61000,"Barley, sugar beet","2013","Done"
"Russia","Black Earth Farming","Sweden","Agribusiness",326000,"Barley, wheat","2013","Done"
"Tanzania","AgriSol","US","Agribusiness",325000,"Beef, biofuels, crops, poultry","2013","Done"
"Uganda","Icemark","Iceland","Agribusiness",270,"Fruit","2013","Done"
"United States","Hebei Company","China","Agribusiness",540,"Fruit, livestock, maize, rice, vegetables, wheat","2013","In Process"
"Ukraine","Grain Alliance","US","Agribusiness",40000,"Barley, maize, soybeans, sunflowers, wheat","2013","Done"
"Zambia","Export Trading Group","Singapore","Agribusiness",57000,"Food crops, jatropha","2013","Done"
"Zambia","Menafea Holding","Saudi Arabia","Agribusiness, finance, real estate",5000,"Fruit","2013","Done"
NA,"Hancock","Canada","Finance",2430,"Grapes, nuts","2014","Complete"
"Angola","Eurico Ferreira","Portugal","Energy, telecommunications
",30000,"Sugarcane","2014","Done"
"Argentina","AgroGeneration","France","Agribusiness",1700,"Crops","2014","Done"
"Argentina","Al-Khorayef Group","Saudi Arabia","Agribusiness",2e+05,"Crops","2014","Done"
"Australia","Black River Asset Management","US","Finance",2100,"Grain","2014","Complete"
"Australia","Count Gustav Wachmeister","Sweden","Finance",15700,"livestock, cereal","2014","Done"
"Australia","Nanshan Group","China","Industrial, real estate
",30000,"Superfine wool","2014","In Process"
"Australia","JPT Capital Agrifund","Mauritius","Finance",33000,"Wheat","2014","Done"
"Australia","Jim Rogers Fund","US","Finance",80000,NA,"2014","In Process"
"AUS","Alberta Investment Management Company","Canada","Finance",252000,NA,"2014","Done"
"Benin","Green Waves","Italy","Finance",250000,"Sunflower","2014","Done"
"Brazil","Sollus Capital","US","Agribusiness",35000,"Crops","2014","Done"
"Cambodia","Nagathom Fund","Cayman Islands","Finance",2200,"Fruit, rice, vegetables","2014","Done"
"Cameroon","Sosucam","France","Agribusiness",11980,"Sugarcane","2014","Done"
"Congo-Brazzaville","Congo Agriculture","South Africa","Agribusiness",80000,"Livestock, rice, vegetables","2014","Done"
"Ethiopia","Al Amoudi","Saudi Arabia","Finance",140000,"Livestock, maize, oilseeds, rice, sugar cane, teff","2014","Done"
"Ethiopia","Romton Agri PLC","India","Agribusiness",10000,"Tomato farming","2014","Done"
"Ethiopia","Djibouti","Djibouti","Government",5000,"Wheat","2014","Done"
"Gabon","Olam International","Singapore","Agribusiness",3e+05,"Palm oil","2014","Done"
"Hungry","Germanagrar","Germany","Real estate",11300,"Wheat","2014","Done"
"Lithuania","KTG Agrar AG","Germany","Agribusiness",7000,"Crops","2014","Done"
"Mali","UEMOA","West Africa","Government",11288,"Fruit, rice, vegetables","2014","Done"
"Mali","Agro-énergie Développement","France","Agribusiness",2605,"Sunflower","2014","In Process"
"Mozambique","Emvest","UK","Finance",3500,"Cereals, oilseeds","2014","Done"
"Mozambique","SEKAB","Sweden","Energy",15000,"Sweet sorghum","2014","Done"
"Namibia","Dem-Inter International","UK","Agribusiness",10000,"Canola, maize, rice, wheat","2014","Done"
"Pakistan","China Green","China","Agribusiness",4000,"Fruit, vegetables","2014","In Process"
"Pakistan","Saudi Arabia","Saudi Arabia","Government",202400,"Fruit, vegetables, wheat","2014","In Process"
"Philippines","China","China","Government",1280000,"Various","2014","Suspended"
"Poland","Rolnyvik","Sweden","Agribusiness",6705,"Crops","2014","Done"
"Poland","Rabobank","Netherlands","Finance",NA,NA,"2014","Done"
"Romania","Rabobank","Netherlands","Finance",NA,NA,"2014","Done"
"Russia","Insight Energy AB","Sweden","Energy
",180000,"Grain, dairy, livestock","2014","Done"
"Russia","Bonduelle","France","Agribusiness",6000,"vegetables (beans, maize, sweet peas)","2014","Done"
"Senegal","China","China","Government",1e+05,"Peanuts","2014","In Process"
"Senegal","Tempieri Financial Group","Italy","Finance",20000,"Sunflowers, sweet potatoes","2014","Suspended"
"Sudan","Al Dahra","UAE","Agribusiness",34800,"Barley, cotton, hay, maize, sugar cane, sunflowers, wheat","2014","Done"
"Sudan","Foras International Investment Co","Saudi Arabia","Finance",126000,"Cereals","2014","Done"
"Sudan","South Korea","South Korea","Government",690000,"Wheat","2014","Done"
"Swaziland","Fuel Ethanol and Agricultural Plantation","South Africa","Agribusiness",15000,"Sweet sorghum","2014","In Process"
"Tanzania","CAMS Group","US","Construction",20000,"Sweet sorghum","2014","In Process"
"Ukraine","AgroGeneration","France","Agribusiness",51000,"Crops","2014","Done"
"Ukraine","Ukrainian Agrarian Investments","Russia","Agribusiness",250000,"Crops","2014","Done"
"United States","Kyiv-Atlantic Ukraine","US","Agribusiness",10000,"Crops","2014","Done"
"Ukraine","Bärnstädt eG","Germany","Agribusiness",8000,"Hops, maize, oilseed rape, sugar beet, wheat, wine, winter barley","2014","Done"
"Ukraine","Sustainable Bio Energy Holding GmbH","Germany","Agribusiness",11600,"Rapeseed, soybeans, wheat","2014","Done"
"Ukraine","Alpcot Agro","Sweden","Agribusiness",92500,"Wheat","2014","Done"
"US","Ingleby Company","Denmark","Finance",1427,"Pistachios","2014","Done"
"Zambia","Neha International","India","Agribusiness",1e+05,"Crops","2014","Done"
"Angola","ENI",NA,"Energy",12000,"Oil palm","2015","In Process"
"Angola","Quifel Natural Resources","Portugal","Agribusiness,,, energy",10000,"Oilseed","2015","Done"
"Argentina","Terra Magna Capital","Fran","Finance",70500,"Crops","2015","Done"
"Argentina","DWS GALOF","Germany","Finance",20000,"Crops","2015","Done"
"Argentina","Calyx Agro","France","Finance",5719,"Crops (mainly soybean)","2015","Done"
"Arg","Siva Group","Singapore","Agribusiness",2000,"Olives","2015","Done"
"Australia","DWS GALOF","Germany","Finance",27000,"crops","2015","Done"
"Benin","Chinese investment group","China",NA,10000,"Oil palm","2015","In Process"
"Brazil","Brookfield Asset Management","Canada","Finance",97124,"Crops","2015","Done"
"Brazil","Black River Asset Management","US","Finance",50000,"Crops","2015","Done"
"Brazil","Calyx Agro","France","Finance",61352,"Crops (mainly soybean)","2015","Done"
"Brazil","Archer Daniels Midland","UNITED STATES","Agribussiness",12000,"Oil palm","2015","In Process"
"Brazil","Clean Energy Brazil","UK","Agribusiness",30000,"Sugar cane","2015","Done"
"Brazil","Louis Dreyfus","France",NA,329000,"Sugar cane","2015","Done"
"Bulgaria","Ceres","Bulgaria","Finance",21400,"Crops","2015","Done"
"Bulgaria","World Bank","US","Finance",29409,"Crops","2015","Done"
"Cameroon","Herakles Capital","US","Finance",73000,"Oil palm","2015","Done"
"Congo-Brazzaville","FRI-EL Green","Italy","Agribusiness",44000,"Oil palm","2015","Done"
"Côte d'Ivoire","Wilmar International/Olam","Singapore","Agribusiness",47000,"Oil palm, sugar cane","2015","Done"
"Democratic Republic of the Congo","DWS GALOF","Germany","Finance",25000,"Crops","2015","Done"
"Democratic Republic of the Congo","ZTE","China","Telecommunications",1e+05,"Oil palm","2015","Done"
"Democratic Republic of the Congo","Feronia Inc.","Canada","Agribusiness",110000,"Oil palm, rice, soybeans","2015","Done"
"Ethiopia","Neha International","India","Agribusiness",4000,"Oil seeds, pulses, rice, wheat","2015","Done"
"Ethiopia","BDFC Ethiopia","US","Agribusiness",17400,"Sugar cane","2015","Done"
"Ethiopia","Chadha Agro Plc","India","Industrial",1e+05,"Sugar cane","2015","Done"
"Ethiopia","Almidha","India",NA,28000,"Sugar cane","2015","Done"
"Ghana","Wilmar International","Singapore","Agribusiness",6157,"Oil palm","2015","Done"
"Ghana","DOS Palm Oil Production Limited","UK","Agribusiness",3000,"Oil palm","2015","Done"
"Ghana","Symboil","Germany","Energy",13500,"Oil palm","2015","Done"
"Ghana","Herakles Capital","US","Finance",4364,"Oil palm","2015","Done"
"Indonesia","Noble Group","Singapore","Agribusiness",32500,"Oil palm","2015","Done"
"Indonesia","Bunge","US","Agribusiness
",25000,"Oil palm","2015","In Process"
"Lithuania","Agricultural Capital Partners","Ireland","Finance",582,"Crops","2015","Done"
"Madagascar","COMPLANT","China","Agribusiness, construction
",10000,"Sugar cane","2015","Done"
"Mali","Associated British Foods","UK","Agribusiness",17000,"Sugar cane","2015","Done"
"Mali","Lonrho","UK","Agribusiness",20000,"Sugar cane","2015","Done"
"Mozambique","MedEnergy","Italy","Energy",10000,"Oil palm","2015","In Process"
"Mozambique","Vale-Embrapa","Brazil","Mining",30000,"Oil palm","2015","In Process"
"Mozambique","Petro Buzi","Brazil","Energy",40000,"Sugar cane","2015","In Process"
"Mozambique","Principle Capital Holdings","UK","Finance",23000,"Sugar cane","2015","Done"
"Mozambique","Sabiol","Portugal",NA,29000,"Sugar cane","2015","Done"
"Nigeria","FRI-EL Green","Italy","Energy",11292,"Oil palm","2015","Done"
"Pakistan","Emirates Investment Group","UAE","Finance",35000,"Crops, dairy","2015","In Process"
"Papua New Guinea","Far East Holdings Berhad","Malaysia","Agribusiness",140000,"Oil palm","2015","Done"
"Papua New Guinea","Kulim","Malaysia","Agribusiness",25000,"Oil palm","2015","Done"
"Papua New Guinea","Mekeo Hinterland Holdings","Malaysia","Agribusiness",116400,"Oil palm","2015","Done"
"Peru","Ecoamerica","South Korea","Agribusiness",72000,"Crops, forstry, livestock","2015","In Process"
"Philippines","A. Brown Company","US","Agribusiness, real estate",20000,"Oil palm","2015","In Process"
"Philippines","San Carlos Bio-Energy","UK","Agribusiness",5000,"Sugar cane","2015","Done"
"Philippines","Lotte Group","South Korea","Agribusiness, construction, real estate
",10000,"Sugar cane","2015","In Process"
"Poland","Agricultural Capital Partners","Ireland","Finance",1116,"Crops, dairy","2015","Done"
"Russia","Heilongjiang Province","China","Government",426667,"Crops","2015","Done"
"Russia","NCH Capital","US","Finance",250000,"Crops","2015","Done"
"Russia","Ivolga-Holding, LLC","Kazakhstan","Agribusiness",666850,"Crops (mostly wheat)","2015","Done"
"Russia","Olam International","Singapore","Agribusiness",60000,"Crops, dairy","2015","Done"
"Senegal","Dangote Industries","Nigeria","Agribusiness, industrial, real estate",40000,"Sugar cane","2015","Done"
"Serbia","Agricultural Capital Partners","Ireland","Finance",12140,"Crops, dairy, livestock","2015","Done"
"Sierra Leone","Agriterra","UK","Agribusiness",45000,"Oil palm","2015","Done"
"Sierra Leone","Caparo Group","UK","Industrial",43000,"Oil palm","2015","Done"
"Sierra Leone","Sepahan Afrique","Iran","Agribusiness",10000,"Oil palm, rice","2015","Done"
"South Sudan","Canadian Economic Development Assistance for Southern Sudan (CEDASS)","Canada","NGO",12200,"Crops (sorghum)","2015","Done"
"Sudan","ZTE","China","Telecommunications",10000,"oil seeds","2015","Done"
"Tanzania","DWS GALOF","Germany","Finance",5000,"Crops","2015","Done"
"Tanzania","Aslan Global Management","US","Finance",42000,"Crops","2015","Done"
"Tanzania","TM Plantations","US","Agribusiness",50000,"Oil palm","2015","In Process"
"Uganda","Wilmar International","Singapore","Agribusiness",40000,"Oil palm","2015","Done"
"Ukraine","NCH Capital","US","Finance",450000,"Crops","2015","Done"
"Uruguay","Campos Orientales","France","Finance",24000,"Crops","2015","Done"
"US","Hancock","Canada","Finance",93000,"Crops","2015","Done"
"Zambia","DWS GALOF","Germany","Finance",27000,"Crops","2015","Done"
"Angola","CAMC Engineering Co. Ltd","China","Construction",1500,"Rice","2016","Done"
"Argentina","Olam International","Singapore","Agribusiness",17000,"Maize, peanuts and soybeans","2016","Done"
"Argentina","Beidahuang","China","Agribusiness",320000,"Maize, soybeans, wheat","2016","Suspended"
"Benin","BETEXCO","Nigeria","Energy",1500,"Cassava","2016","Done"
"Benin","COMPLANT","China","Agribusiness, construction
",4800,"Cassava, sugar cane","2016","In Process"
"Brazil","Teachers Insurance and Annuity Association - College Retirement Equities Fund (TIAA-CREF)","US","Finance",424000,"Soybeans, sugar cane","2016","Done"
"Bulgaria","Tianjin State Farms Agribusiness Group Company","China","Agribusiness",2000,"Alfalfa, maize, sunflower","2016","In Process"
"Cambodia","Muhak Alcohol","South Korea","Agribusiness",2000,"Cassava","2016","In Process"
"Cambodia","Korea BNA","South Korea","Agribusiness",7500,"Cassava, rubber","2016","Done"
"Cambodia","Amira Group","India","Agribusiness",25000,"Rice","2016","In Process"
"Cambodia","Khon Kaen Sugar Industry","Thailand","Agribusiness",20000,"Sugar","2016","Done"
"East Timor","GTLeste Biotech","Indonesia","Agribusiness",1e+05,"Sugar cane","2016","Done"
"Ethiopia","Sannati Agro Farm Enterprise","India","Agribusiness",10000,"Cereals, pulses, rice","2016","Done"
"Ethiopia","ARS Agrofoods","India","Agribusiness",3000,"Cotton, groundnut, sesame, soybean","2016","In Process"
"Ethiopia","Jalandhar Potato Growers' Association","India","Agribusiness",1e+05,"Cotton, maize, paddy, potatoes, pulses, wheat","2016","In Process"
"Ethiopia","Karuturi","India","Agribusiness",311000,"Maize, palm oil, rice, sugar","2016","Done"
"Ghana","Compagnie Fruitière","France","Agribusiness",3500,"Banaba, pineapple","2016","Done"
"Laos","ZTE","China","Telecommunications",50000,"Cassava","2016","Done"
"Laos","RTL World Trade Company","Thailand",NA,50000,"Cassava and oil palm","2016","Done"
"Liberia","Golden Agri Resources","Singapore","Agribusiness",220000,"Oil palm","2016","Done"
"Liberia","Libyan African Investment Portfolio","Libya","Government",15000,"Rice","2016","Done"
"Liberia","Equatorial Palm Oil","UK","Agribusiness",169000,"Oil palm","2016","Done"
"Mali","Millennium Challenge Corporation","US","Government",22441,"Cereals, rice","2016","Done"
"Morocco","Tiris Euro Arab","UAE","Finance",7e+05,"Citrus and olives","2016","Done"
"Mozambique","Tenga Lda","South Africa","Agribusiness",2000,"Almonds","2016","Done"
"Mozambique","Saxonian Estates","UK","Agribusiness",150000,"Animal ranching, coconut oil (export), jatropha, pineapple","2016","Done"
"Mozambique","Saxonian Estates","UK","Agribusiness",3000,"Bananas","2016","Done"
"Mozambique","Libyan African Investment Portfolio","Libya","Government",20000,"Rice","2016","Done"
"Mozambique","Olam International","Singapore","Agribusiness",227,"Rice","2016","Done"
"Nigeria","Chinese investors","China",NA,6000,"Cassava","2016","Done"
"Nigeria","Foras International Investment Co","Saudi Arabia","Finance",1000,"Crops","2016","Done"
"Nigeria","Dominion Farms","US","Agribusiness",30000,"Rice","2016","Done"
"Pakistan","United Arab Emirates","UAE","Government",324000,"Alfalfa, crops, livestock","2016","Done"
"Papua New Guinea","Changhae Engineering","South Korea","Agribusiness",33000,"Cassava","2016","Done"
"Philippines","Far Eastern Agricultural Investment Company","Saudi Arabia","Agribusiness",50000,"Banana, maize, pineapple, rice","2016","Done"
"Poland","Continental Farmers Group","Ireland","Agribusiness",2500,"Sugar beet, wheat","2016","Done"
"Russia","North Korea","North Korea","Government",2e+05,"Cereals, vegetables","2016","In Process"
"Russia","Amity Technology","US","Agribusiness",1e+05,"Sugar beet","2016","Done"
"Senegal","Société de Cultures Légumières","France","Agribusiness",570,"Asparagus, squash, sweetcorn","2016","Done"
"Sierra Leone","Quifel Natural Resources","Portugal","Agribusiness, energy",126000,"Cassava, pineapple, rice, vegetables","2016","Done"
"Sierra Leone","Bolloré","France","Agribusiness",12000,"Oil palm","2016","Done"
"Sierra Leone","Shanghai Construction Investment","China","Construction",30000,"Rice","2016","Done"
"South Sudan","Citadel Capital","Egypt","Finance",105000,"Cotton, maize, sorghum, sugar, sunflower, wheat","2016","Done"
"Spain","Al Dahra","UAE","Agribusiness",5050,"Alfalfa","2016","Done"
"Sudan","Abu Dhabi Fund for Development","UAE","Government",29400,"Alfalfa","2016","Done"
"Sudan","Citadel Capital","Egypt","Finance",131890,"Cotton, maize, rice, sorghum, sugar cane, sunflowers, wheat","2016","Done"
"Sudan","Pharos Financial Group","UAE","Finance",156000,"Maize, peanuts, sorghum, sunflowers","2016","In Process"
"Sudan","Egypt","Egypt","Government",4e+05,"Maize, sugar, wheat","2016","Done"
"Sudan","Almarai Co.","Saudi Arabia","Agribusiness",9239,"Maize, wheat","2016","Done"
"Sudan","Egypt","Egypt","Government",17000,"Meat","2016","In Process"
"Tanzania","Korea Rural Community Corporation","South Korea","Government",1e+05,"Rice","2016","Done"
"Uganda","Egypt","Egypt","Government",8e+05,"Maize, wheat","2016","Done"
"Ukraine","Continental Farmers Group","United Kingdom","Agribusiness",21000,"Maize, potatoes, spring wheat, sugar beet","2016","Done"
"Uruguay","Calyx Agro","France","Finance",13592,"Soybeans, wheat","2016","Done"
"Zambia","Emvest","UK","Finance",2513,"Banana, maize, wheat","2016","Done"
"Angola","Lonrho",NA,"Agribus",2,"Rice","2017","Done"
"Argentina","Almarai Co","Saudi Arabia","Agribusiness",12306,"Maize, soybean","2017","Done"
"Argentina","Grupo Maggi","Brazil","Agribusiness",7000,"Soybeans","2017","Done"
"Argentina","Sojitz","Japan","Industrial",11000,"Soybeans and other crops","2017","In Process"
"Argentina","Campos Orientales","France","Finance",19000,NA,"2017","Done"
"Australia","Nexis Holding","China","Construction",1705,"Cattle, nuts
","2017","Done"
"Australia","MHPF","UK","Finance",47100,"Cereals, livestock, sugar cane","2017","Done"
"Australia","Mitr Phol Group","Thailand","Agribusiness",6000,"Sugar cane","2017","In Process"
"Benin","Libyan investors","Libya",NA,2000,NA,"2017","In Process"
"Bolivia","Pengxin Group","China","Real estate",12500,"Maize, soybean","2017","Done"
"Bolivia","Cresud","Argentina","Agribusiness",17000,"Soybean","2017","Done"
"Brazil","Cresud","Argentina","Agribusiness",175000,"Cattle, crops, sugar cane","2017","Done"
"Brazil","El Tejar","Argentina","Agribusiness",220000,"Cereals, oilseeds","2017","Done"
"Brazil","Chongqing Grain Group","China","Agribusiness",2e+05,"Soybean","2017","In Process"
"Brazil","Prio Foods","Portugal","Agribusiness",29528,"Soybean","2017","Done"
"Brazil","Hyundai","South Korea","Industrial",10000,"Soybean","2017","In Process"
"Brazil","Los Grobo","Argentina","Agribusiness",60000,"Soybeans","2017","Done"
"Brazil","Shree Renuka Sugars","India","Agribusiness",133000,"Sugar cane","2017","Done"
"Brazil","Bunge","US","Agribusiness",10000,"Sugar cane","2017","In Process"
"Brazil","Tiba Agro","US","Agribusiness",320000,NA,"2017","unclear"
"Bulgaria","Elana Agricultural Land Opportunity Fund","US","Finance",29320,NA,"2017","Done"
"Burma","Bangladesh","Bangladesh","Government",20200,"Maize, onion, paddy, soybeans, sugar cane, tea","2017","Proposed"
"Cambodia","BKK Partners","Australia","Finance",1e+05,"Bananas, palm oil, rice, sugar cane, teak","2017","In Process"
"Cambodia","Ruchi Group","India","Agribusiness",20000,"Oil palm","2017","Done"
"Cameroon","IKO","China","Agribusiness",10000,"Cassava, maize, rice","2017","Done"
"Cameroon","Biopalm Energy","India","Agribusiness",2e+05,"Oil palm","2017","Done"
"Colombia","Monica Semillas","Brazil","Agribusiness",13000,"Crops","2017","Done"
"Colombia","Ingacot Group","Argentina","Agribusiness",1000,"Maize, soybeans
","2017","Done"
"Egypt","Kingdom Agricultural Development Holding","Saudi Arabia","Agribusiness",10500,NA,"2017","Done"
"Ethiopia","Rashtriya Kissan Sangathan","India","Agribusiness",5000,"Cotton, oil seeds, rice","2017","Done"
"Ethiopia","Ruchi Group","India","Agribusiness",50000,"Soybeans","2017","Done"
"Ethiopia","Hunan Dafengyuan","China","Agribusiness",25000,"Sugar cane","2017","Done"
"Gabon","SIAT","Belgium","Agribusiness",107300,"Cattle, palm oil","2017","Done"
"Ghana","Brazil Agro Business Group","Brazil","Agribusiness",5000,"Rice","2017","Done"
"Ghana","GADCO","UK","Agribusiness",1000,"Rice","2017","Done"
"Ghana","T4M","UK","Agribusiness",1e+05,"Rice","2017","Done"
"Guinea","Farm Lands of Guinea, Inc","UK","Agribusiness",106415,"Maize, soybeans","2017","Done"
"Indonesia","KS Oils","India","Agribusiness",56000,"Oil palm","2017","Done"
"Kenya","Dominion Farms","US","Agribusiness",7000,"Rice","2017","Done"
"Kenya","Omnicane","Mauritius","Agribusiness",6879,"Sugar cane","2017","In Process"
"Laos","Khon Kaen Sugar Industry","Thailand","Agribusiness",10000,"Sugar cane","2017","Done"
"Laos","Mitr Phol Group","Thailand","Agribusiness",10000,"Sugar cane","2017","Done"
"Madagascar","Les Cultures du Cap Est","India","Agribusiness",9100,"Oil palm","2017","Done"
"Malawi","Lonrho","UK","Agribusiness",25000,"Rice","2017","In Process"
"Mali","SeedRock Africa Agriculture","Canada","Finance",40000,"Maize, rice, sorghum, soybeans, sunflowers; produce & sell hybrid seeds","2017","In Process"
"Mali","Farm Lands of Guinea, Inc","UK","Agribusiness",10000,"Maize, rice, soybeans, wheat","2017","In Process"
"Mali","Southern Global Inc.","US","Agribusiness",30000,"Rice","2017","Done"
"Mali","Foras International Investment Co","Saudi Arabia","Finance",1e+05,"Rice","2017","In Process"
"Mali","China Light Industrial Corporation for Foreign Economic and Technical Cooperation","China","Industrial",20000,"Sugar cane","2017","Done"
"Mali","Community of Sahel-Saharan States (CEN-SAD)","Libya","Government",1e+05,NA,"2017","In Process"
"Mauritania","Foras International Investment Co","Saudi Arabia","Finance",2000,"Rice","2017","Done"
"Mauritania","Al Rajhi International Investment Company","Saudi Arabia","Agribusiness, finance",50000,NA,"2017","In Process"
"Mauritius","Intrasia Capital","Singapore","Finance",2500,"Rice","2017","Done"
"Mozambique","Aslan Global Management","US","Agribusiness",10000,"Maize, soybeans","2017","Done"
"Mozambique","Servir Moç","South Africa","Agribusiness",2000,"Mixed farming","2017","Done"
"Mozambique","Tereos","France","Agribusiness",1e+05,"Sugar cane","2017","Done"
"Mozambique","Società Fondiaria Industriale Romagnola","Italy","Agribusiness",8600,"Sugar cane","2017","Done"
"Mozambique","Tongaat-Hulett","South Africa","Agribusiness",31174,"Sugar cane","2017","Done"
"Mozambique","Hubei SFAC","China","Agribusiness",1000,NA,"2017","Done"
"Mozambique","AgriSA","South Africa","Agribusiness",1e+06,NA,"2017","Done"
"New Zealand","Harvard Management Company","US","Finance",1760,"Dairy","2017","Done"
"New Zealand","DAH Beteiligungs","Germany","Information technology",1468,"Dairy","2017","Done"
"New Zealand","The Trust Company Limited","Australia","Finance",13691,NA,"2017","Done"
"Nigeria","T4M","UK","Agribusiness",3e+05,"Rice","2017","Done"
"Nigeria","Vietnam Africa Agricultural Development Company","Vietnam","Agribusiness",10000,"Rice","2017","Done"
"Paraguay","Cresud","Argentina","Agribusiness",142000,"Crops, soybeans, sunflowers","2017","Done"
"Paraguay","Calyx Agro","France","Finance",2859,"Crops, sugar cane","2017","Done"
"Paraguay","NFD Agro","Bermuda","Agribusiness",34300,"Maize, soybeans, sunflower","2017","Done"
"Paraguay","Los Grobo","Argentina","Agribusiness",22000,"Soybeans","2017","Done"
"Philippines","Hassan Group","Bahrain","Construction",10000,"Bananas, rice and other crops","2017","Done"
"Philippines","Kuwait","Kuwait","Government",20000,"Maize, rice","2017","In Process"
"Philippines","South Korea","South Korea","Government",1e+05,"Maize, rice, sugar","2017","Done"
"Philippines","Green Future Innovation","Japan","Agribusiness, industrial",11000,"Sugar cane","2017","Done"
"Romania","Pharos Financial Group","UAE","Finance",50000,"Cereals","2017","In Process"
"Romania","Agrarius AG","Germany","Agribusiness",3700,"Maize, rape, sunflowers, wheat","2017","Done"
"Romania","Ingleby Company","Denmark","Finance",8632,NA,"2017","Done"
"Russia","Eckart Hohmann","Germany","Agribusiness",29000,"Cereals","2017","Done"
"Russia","Foras International Investment Co","Saudi Arabia","Finance",10000,"Cereals","2017","In Process"
"Russia","three farmers from Ingolstadt in Bavaria","Germany","Agribusiness",4000,NA,"2017","Done"
"Russia","Anninskoe","UK","Finance",6408,NA,"2017","Done"
"Russia","Appleridge Corporation","UK","Finance",27462,NA,"2017","Done"
"Russia","Trigon Agri","Denmark","Agribusiness",120626,"Cereals","2017","Done"
"RUS","Agrowill Group","Lithuania","Agribusiness",40000,NA,"2017","Done"
"Senegal","India","India","Government",150000,"Cereals, cotton, maize, peanuts, rice","2017","In Process"
"Sierra Leone","Biopalm Energy","India","Agribusiness",80000,"Oil palm","2017","Done"
"Sierra Leone","Farm Lands of Guinea, Inc","UK","Agribusiness",11900,"Rice","2017","In Process"
"Sierra Leone","Long Van 28 Company","Vietnam","Agribusiness",2e+05,"Rice","2017","In Process"
"Sierra Leone","BHB GmbH","Germany","Finance",3000,"Rice","2017","Done"
"Sierra Leone","Addax Bioenergy","Switzerland","Energy",15500,"Sugar cane","2017","Done"
"Sierra Leone","Whitestone Charles Anderson","UK","Finance",112000,NA,"2017","Done"
"Slovakia","Germanagrar","Germany","Real estate",5167,NA,"2017","Done"
"South Sudan","Jarch Management","US","Finance",4e+05,"Cereals, flowers, fruit, oil seeds, vegetables","2017","Done"
"South Sudan","Prince Budr Bin Sultan","Saudi Arabia","Government",105000,NA,"2017","Done"
"South Sudan","African Commercial Development","Mauritius","Agribusiness",24300,NA,"2017","Done"
"South Sudan","Eyat Oilfield Services","Sudan","Energy",162000,NA,"2017","Done"
"South Sudan","Nile Trading and Development Inc.","US","Finance",6e+05,NA,"2017","Done"
"Sudan","a joint Arab-foreign company","Philippines","Agribusiness",25000,"Cereals and other crops","2017","Done"
"Sudan","National Agricultural Development Co (NADEC)","Saudi Arabia","Agribusiness",42000,NA,"2017","Done"
"Sudan","Jenaan","UAE","Agribusiness",40500,NA,"2017","Done"
"Sudan","Djibouti","Djibouti","Government",4200,NA,"2017","Done"
"Sudan","Sayegh Group","UAE","Industrial",1500000,NA,"2017","Done"
"Tanzania","Karuturi","India","Agribusiness",311700,"Crops","2017","In Process"
"Tanzania","Bhati Bangla Agrotec","Bangladesh","Agribusiness",30000,"Maize, pulses, rice","2017","In Process"
"Tanzania","FELISA","Belgium","Agribusiness",4258,"Oil palm","2017","Done"
"Tanzania","Export Trading Group","Singapore","Agribusiness",8000,"Rice","2017","Done"
"United States","Intrasia Capital","Singapore","Finance",30000,"Rice","2017","Done"
"Tanzania","SEKAB","Sweden","Agribusiness",22000,"Sugar cane","2017","Done"
"Uganda","Nitol-Niloy Group","Bangladesh","Agribusiness",10000,"Crops","2017","In Process"
"Uganda","Mehta Group","India","Agribusiness",14600,"Sugar cane","2017","Done"
"Uganda","Liu Jianjun","China","Finance",4000,NA,"2017","Done"
"Ukraine","Trigon Agri","Denmark","Agribusiness",55000,"Cereals","2017","Done"
"Ukraine","Aslan Global Management","US","Agribusiness",8500,"Cereals","2017","Done"
"Uruguay","El Tejar","Argentina","Agribusiness",160000,"Cereals","2017","Done"
"Uruguay","Hillock Capital Management","Argentina","Finance",9000,"Crops","2017","Done"
"Uruguay","Olam International","Singapore","Agribusiness",34000,"Dairy","2017","Done"
"Uruguay","Los Grobo","Argentina","Agribusiness",76300,"Soybeans","2017","Done"
"US","Agricultural Capital Partners","Ireland","Finance",1250,"Dairy","2017","Done"
"Zambia","Chayton Capital","UK","Finance",20000,"Crops","2017","Done"
"Zimbabawe","Emvest","UK","Finance",9913,NA,"2017","Done"
"Swaziland","Emvest","UK","Finance",1386,"Cattle, potatoes, sugar cane","41000","Done"
"Russia","Alpcot Agro","Sweden","Agribusiness",183200,"Cattle, rye, sunflowers, wheat","42675","Done"
"Australia","Beidahuang","China","Agribusiness",80000,"Dairy and grain farms",NA,"In Process"
"New Zealand","Aquila","Germany","Finance",4570,"Dairy",NA,"Done"
"Brazil","Mitsui","Japan","Industrial",1e+05,"Cotton, maize, soybean",NA,"Done"
"Colombia","Black River Asset Management","US","Finance",90000,"Cereals",NA,"Done"
"Ethiopia","Egyptian National Bank","Egypt","Government",20000,"Cereals",NA,"Done"
"Mali","Libya African Investment Portfolio","Libya","Government",1e+05,"Livestock, rice, vegetables",NA,"Done"
"Mozambique","Prio Foods","Portugal","Agribusiness",24234,"Maize, soybeans, sunflowers",NA,"Done"
"Romania","Assicurazioni Generali","Italy","Finance",4650,"Cereals, grapes, soybeans, sugar beet",NA,"Done"
"Russia","Hyundai","South Korea","Industrial",10000,"Cereals",NA,"Done"
"South Africa","Emvest","UK","Finance",13900,"Maize, soybeans, vegetables",NA,"Done"
"Tajikistan","China","China","Government",110000,"Cotton, rice",NA,"Done"
